Parameter,Value,Error,Units
f1,5.8346,0.0,d⁻¹
P1,0.1713913550200528,0.0,d
A1,0.19056070598866903,0.00028084003427441526,mag
phi1,0.8107471657163793,0.0014757704573444572,rad
f2,19.7266,0.0,d⁻¹
P2,0.05069297294009104,0.0,d
A2,1.4592470059755365,0.000280120647160761,mag
phi2,0.34616604768100223,0.00019400919195793837,rad
m0,0.00011431028348249739,0.0002019430150216555,mag
